customer,vessel
Blue Water Marine,MV Blue Star
Blue Water Marine,MV Coral Queen
Caribbean Shipping Ltd,MV Horizon
Caribbean Shipping Ltd,MV Trident
CCG,Radisson
Clearwater,Preserver
Clearwater,Protector
Clearwater,Randal
Clearwater,Sinker
Grenada Port Authority,FV Lucky Lady
Grenada Port Authority,MV Grand Anse
Island Freight Services,MV Island Pride
Lunenburg,Listerville
Lunenburg,Oriole
OCI,Lynx
Thales,494
Thales,ADT-0826
Thales,AQM-0159
Thales,AQM-0218
Thales,AQM-0233
Thales,AQM-0234
Thales,AQM-0235
Thales,AQM-0240
Thales,AQM-0250
Thales,AQM-0252
Thales,AQM-0253
Thales,AQM-0254
Thales,AQM-0255
Thales,AQM-0256
Thales,AQM-0259
Thales,AQM-0273
Thales,AQM-0277
Thales,AQM-0310
Thales,AQM-0315
Thales,Edmonton
Thales,Fortune
Thales,Glenbrook
Thales,Glenside
Thales,Nanaimo
Thales,Resolute
Thales,Tonnerre
Thales,VFU 127
Thales,VFU 128
Thales,Y62
Thales,Yellowknife
Thales,YFU 128
TMS,TMS 1
